{
    "avg": {
        "recall@3": 0.6738095238095239,
        "recall@5": 0.761904761904762,
        "precision@3": 0.6,
        "precision@10": 0.25333333333333335,
        "mrr": 0.8,
        "retrieval_time": 0.1034700870513916
    },
    "detail": {
        "recall@3": [
            0.42857142857142855,
            0.75,
            0.0,
            1.0,
            0.75,
            1.0,
            0.0,
            0.42857142857142855,
            0.75,
            1.0,
            1.0,
            1.0,
            1.0,
            0.0,
            1.0
        ],
        "recall@5": [
            0.7142857142857143,
            1.0,
            0.0,
            1.0,
            1.0,
            1.0,
            0.0,
            0.7142857142857143,
            1.0,
            1.0,
            1.0,
            1.0,
            1.0,
            0.0,
            1.0
        ],
        "precision@3": [
            1.0,
            1.0,
            0.0,
            1.0,
            1.0,
            0.6666666666666666,
            0.0,
            1.0,
            1.0,
            0.3333333333333333,
            0.6666666666666666,
            0.3333333333333333,
            0.6666666666666666,
            0.0,
            0.3333333333333333
        ],
        "precision@10": [
            0.7,
            0.4,
            0.0,
            0.3,
            0.4,
            0.2,
            0.0,
            0.7,
            0.4,
            0.1,
            0.2,
            0.1,
            0.2,
            0.0,
            0.1
        ],
        "mrr": [
            1.0,
            1.0,
            0.0,
            1.0,
            1.0,
            1.0,
            0.0,
            1.0,
            1.0,
            1.0,
            1.0,
            1.0,
            1.0,
            0.0,
            1.0
        ],
        "retrieval_time": [
            0.16923761367797852,
            0.10219407081604004,
            0.08802628517150879,
            0.10345077514648438,
            0.09848308563232422,
            0.10271000862121582,
            0.09940910339355469,
            0.14808893203735352,
            0.08735489845275879,
            0.0919950008392334,
            0.08824801445007324,
            0.10128521919250488,
            0.0691988468170166,
            0.09217619895935059,
            0.11019325256347656
        ]
    }
}