{
    "avg": {
        "recall@3": 0.6738095238095239,
        "recall@5": 0.761904761904762,
        "precision@3": 0.6,
        "precision@10": 0.25333333333333335,
        "mrr": 0.8,
        "retrieval_time": 0.10520029067993164
    },
    "detail": {
        "recall@3": [
            0.42857142857142855,
            0.75,
            0.0,
            1.0,
            0.75,
            1.0,
            0.0,
            0.42857142857142855,
            0.75,
            1.0,
            1.0,
            1.0,
            1.0,
            0.0,
            1.0
        ],
        "recall@5": [
            0.7142857142857143,
            1.0,
            0.0,
            1.0,
            1.0,
            1.0,
            0.0,
            0.7142857142857143,
            1.0,
            1.0,
            1.0,
            1.0,
            1.0,
            0.0,
            1.0
        ],
        "precision@3": [
            1.0,
            1.0,
            0.0,
            1.0,
            1.0,
            0.6666666666666666,
            0.0,
            1.0,
            1.0,
            0.3333333333333333,
            0.6666666666666666,
            0.3333333333333333,
            0.6666666666666666,
            0.0,
            0.3333333333333333
        ],
        "precision@10": [
            0.7,
            0.4,
            0.0,
            0.3,
            0.4,
            0.2,
            0.0,
            0.7,
            0.4,
            0.1,
            0.2,
            0.1,
            0.2,
            0.0,
            0.1
        ],
        "mrr": [
            1.0,
            1.0,
            0.0,
            1.0,
            1.0,
            1.0,
            0.0,
            1.0,
            1.0,
            1.0,
            1.0,
            1.0,
            1.0,
            0.0,
            1.0
        ],
        "retrieval_time": [
            0.2203521728515625,
            0.08591890335083008,
            0.0992579460144043,
            0.10315179824829102,
            0.08674502372741699,
            0.0884559154510498,
            0.1302940845489502,
            0.10832691192626953,
            0.10177302360534668,
            0.09039592742919922,
            0.09411096572875977,
            0.09925007820129395,
            0.08911585807800293,
            0.09031987190246582,
            0.09053587913513184
        ]
    }
}