{
    "avg": {
        "recall@3": 0.6182539682539683,
        "recall@5": 0.6928571428571428,
        "precision@3": 0.5333333333333333,
        "precision@10": 0.25333333333333335,
        "mrr": 0.7666666666666667,
        "retrieval_time": 1.5738149166107178
    },
    "detail": {
        "recall@3": [
            0.42857142857142855,
            0.5,
            0.0,
            0.6666666666666666,
            0.5,
            1.0,
            0.0,
            0.42857142857142855,
            0.75,
            1.0,
            1.0,
            1.0,
            1.0,
            0.0,
            1.0
        ],
        "recall@5": [
            0.5714285714285714,
            0.75,
            0.0,
            1.0,
            0.75,
            1.0,
            0.0,
            0.5714285714285714,
            0.75,
            1.0,
            1.0,
            1.0,
            1.0,
            0.0,
            1.0
        ],
        "precision@3": [
            1.0,
            0.6666666666666666,
            0.0,
            0.6666666666666666,
            0.6666666666666666,
            0.6666666666666666,
            0.0,
            1.0,
            1.0,
            0.3333333333333333,
            0.6666666666666666,
            0.3333333333333333,
            0.6666666666666666,
            0.0,
            0.3333333333333333
        ],
        "precision@10": [
            0.7,
            0.4,
            0.0,
            0.3,
            0.4,
            0.2,
            0.0,
            0.7,
            0.4,
            0.1,
            0.2,
            0.1,
            0.2,
            0.0,
            0.1
        ],
        "mrr": [
            1.0,
            1.0,
            0.0,
            1.0,
            1.0,
            1.0,
            0.0,
            1.0,
            1.0,
            0.5,
            1.0,
            1.0,
            1.0,
            0.0,
            1.0
        ],
        "retrieval_time": [
            2.19502592086792,
            1.4671480655670166,
            1.3985919952392578,
            1.871279001235962,
            1.3260648250579834,
            1.4318289756774902,
            1.5676517486572266,
            1.5371909141540527,
            1.3942341804504395,
            1.49027419090271,
            1.5876579284667969,
            1.5310437679290771,
            1.6788201332092285,
            1.5625441074371338,
            1.5678679943084717
        ]
    }
}