{
    "avg": {
        "recall@3": 0.6182539682539683,
        "recall@5": 0.6928571428571428,
        "precision@3": 0.5333333333333333,
        "precision@10": 0.25333333333333335,
        "mrr": 0.7666666666666667,
        "retrieval_time": 1.5217081228892009
    },
    "detail": {
        "recall@3": [
            0.42857142857142855,
            0.5,
            0.0,
            0.6666666666666666,
            0.5,
            1.0,
            0.0,
            0.42857142857142855,
            0.75,
            1.0,
            1.0,
            1.0,
            1.0,
            0.0,
            1.0
        ],
        "recall@5": [
            0.5714285714285714,
            0.75,
            0.0,
            1.0,
            0.75,
            1.0,
            0.0,
            0.5714285714285714,
            0.75,
            1.0,
            1.0,
            1.0,
            1.0,
            0.0,
            1.0
        ],
        "precision@3": [
            1.0,
            0.6666666666666666,
            0.0,
            0.6666666666666666,
            0.6666666666666666,
            0.6666666666666666,
            0.0,
            1.0,
            1.0,
            0.3333333333333333,
            0.6666666666666666,
            0.3333333333333333,
            0.6666666666666666,
            0.0,
            0.3333333333333333
        ],
        "precision@10": [
            0.7,
            0.4,
            0.0,
            0.3,
            0.4,
            0.2,
            0.0,
            0.7,
            0.4,
            0.1,
            0.2,
            0.1,
            0.2,
            0.0,
            0.1
        ],
        "mrr": [
            1.0,
            1.0,
            0.0,
            1.0,
            1.0,
            1.0,
            0.0,
            1.0,
            1.0,
            0.5,
            1.0,
            1.0,
            1.0,
            0.0,
            1.0
        ],
        "retrieval_time": [
            2.1489992141723633,
            1.455043077468872,
            1.3939158916473389,
            1.5821139812469482,
            1.3369848728179932,
            1.4204399585723877,
            1.451901912689209,
            1.4922311305999756,
            1.3932950496673584,
            1.4772958755493164,
            1.6122171878814697,
            1.4949328899383545,
            1.4881157875061035,
            1.5442700386047363,
            1.533864974975586
        ]
    }
}