{
    "avg": {
        "recall@3": 0.6738095238095239,
        "recall@5": 0.761904761904762,
        "precision@3": 0.6,
        "precision@10": 0.25333333333333335,
        "mrr": 0.8,
        "retrieval_time": 0.11689354578653971
    },
    "detail": {
        "recall@3": [
            0.42857142857142855,
            0.75,
            0.0,
            1.0,
            0.75,
            1.0,
            0.0,
            0.42857142857142855,
            0.75,
            1.0,
            1.0,
            1.0,
            1.0,
            0.0,
            1.0
        ],
        "recall@5": [
            0.7142857142857143,
            1.0,
            0.0,
            1.0,
            1.0,
            1.0,
            0.0,
            0.7142857142857143,
            1.0,
            1.0,
            1.0,
            1.0,
            1.0,
            0.0,
            1.0
        ],
        "precision@3": [
            1.0,
            1.0,
            0.0,
            1.0,
            1.0,
            0.6666666666666666,
            0.0,
            1.0,
            1.0,
            0.3333333333333333,
            0.6666666666666666,
            0.3333333333333333,
            0.6666666666666666,
            0.0,
            0.3333333333333333
        ],
        "precision@10": [
            0.7,
            0.4,
            0.0,
            0.3,
            0.4,
            0.2,
            0.0,
            0.7,
            0.4,
            0.1,
            0.2,
            0.1,
            0.2,
            0.0,
            0.1
        ],
        "mrr": [
            1.0,
            1.0,
            0.0,
            1.0,
            1.0,
            1.0,
            0.0,
            1.0,
            1.0,
            1.0,
            1.0,
            1.0,
            1.0,
            0.0,
            1.0
        ],
        "retrieval_time": [
            0.2725241184234619,
            0.1398327350616455,
            0.10244274139404297,
            0.09519624710083008,
            0.1228337287902832,
            0.08996415138244629,
            0.10334992408752441,
            0.1120920181274414,
            0.10224103927612305,
            0.10614228248596191,
            0.09415769577026367,
            0.10396099090576172,
            0.10612773895263672,
            0.10592174530029297,
            0.09661602973937988
        ]
    }
}