{
    "avg": {
        "recall@3": 0.6738095238095239,
        "recall@5": 0.761904761904762,
        "precision@3": 0.6,
        "precision@10": 0.25333333333333335,
        "mrr": 0.8,
        "retrieval_time": 0.10940949122111003
    },
    "detail": {
        "recall@3": [
            0.42857142857142855,
            0.75,
            0.0,
            1.0,
            0.75,
            1.0,
            0.0,
            0.42857142857142855,
            0.75,
            1.0,
            1.0,
            1.0,
            1.0,
            0.0,
            1.0
        ],
        "recall@5": [
            0.7142857142857143,
            1.0,
            0.0,
            1.0,
            1.0,
            1.0,
            0.0,
            0.7142857142857143,
            1.0,
            1.0,
            1.0,
            1.0,
            1.0,
            0.0,
            1.0
        ],
        "precision@3": [
            1.0,
            1.0,
            0.0,
            1.0,
            1.0,
            0.6666666666666666,
            0.0,
            1.0,
            1.0,
            0.3333333333333333,
            0.6666666666666666,
            0.3333333333333333,
            0.6666666666666666,
            0.0,
            0.3333333333333333
        ],
        "precision@10": [
            0.7,
            0.4,
            0.0,
            0.3,
            0.4,
            0.2,
            0.0,
            0.7,
            0.4,
            0.1,
            0.2,
            0.1,
            0.2,
            0.0,
            0.1
        ],
        "mrr": [
            1.0,
            1.0,
            0.0,
            1.0,
            1.0,
            1.0,
            0.0,
            1.0,
            1.0,
            1.0,
            1.0,
            1.0,
            1.0,
            0.0,
            1.0
        ],
        "retrieval_time": [
            0.19782090187072754,
            0.09807991981506348,
            0.10044384002685547,
            0.09330201148986816,
            0.09845805168151855,
            0.10298800468444824,
            0.14148712158203125,
            0.10756492614746094,
            0.09990501403808594,
            0.10532808303833008,
            0.09409689903259277,
            0.11567378044128418,
            0.0807960033416748,
            0.09812474250793457,
            0.10707306861877441
        ]
    }
}