{
    "avg": {
        "recall@3": 0.6738095238095239,
        "recall@5": 0.761904761904762,
        "precision@3": 0.6,
        "mrr": 0.8,
        "retrieval_time": 0.10870935122172037
    },
    "detail": {
        "recall@3": [
            0.42857142857142855,
            0.75,
            0.0,
            1.0,
            0.75,
            1.0,
            0.0,
            0.42857142857142855,
            0.75,
            1.0,
            1.0,
            1.0,
            1.0,
            0.0,
            1.0
        ],
        "recall@5": [
            0.7142857142857143,
            1.0,
            0.0,
            1.0,
            1.0,
            1.0,
            0.0,
            0.7142857142857143,
            1.0,
            1.0,
            1.0,
            1.0,
            1.0,
            0.0,
            1.0
        ],
        "precision@3": [
            1.0,
            1.0,
            0.0,
            1.0,
            1.0,
            0.6666666666666666,
            0.0,
            1.0,
            1.0,
            0.3333333333333333,
            0.6666666666666666,
            0.3333333333333333,
            0.6666666666666666,
            0.0,
            0.3333333333333333
        ],
        "mrr": [
            1.0,
            1.0,
            0.0,
            1.0,
            1.0,
            1.0,
            0.0,
            1.0,
            1.0,
            1.0,
            1.0,
            1.0,
            1.0,
            0.0,
            1.0
        ],
        "retrieval_time": [
            0.22272515296936035,
            0.11533808708190918,
            0.10436797142028809,
            0.09563899040222168,
            0.1026310920715332,
            0.10088396072387695,
            0.09741473197937012,
            0.09067392349243164,
            0.10271620750427246,
            0.08989620208740234,
            0.09055519104003906,
            0.10166287422180176,
            0.11064910888671875,
            0.09284687042236328,
            0.1126399040222168
        ]
    }
}