{
  "recall@1": 0.3333333333333333,
  "precision@1": 0.6666666666666666,
  "ndcg@1": 0.6666666666666666,
  "recall@3": 0.8333333333333334,
  "precision@3": 0.5555555555555555,
  "ndcg@3": 0.7153383915597015,
  "recall@5": 0.8333333333333334,
  "precision@5": 0.3333333333333333,
  "ndcg@5": 0.7153383915597015,
  "mrr": 0.7777777777777777
}