{
    "avg": {
        "recall@3": 0.33968253968253964,
        "recall@5": 0.4420634920634921,
        "precision@3": 0.28888888888888886,
        "precision@10": 0.16000000000000003,
        "mrr": 0.39999999999999997,
        "retrieval_time": 0.10816081364949544
    },
    "detail": {
        "recall@3": [
            0.14285714285714285,
            0.25,
            0.0,
            0.6666666666666666,
            0.5,
            0.5,
            0.0,
            0.2857142857142857,
            0.25,
            1.0,
            0.5,
            1.0,
            0.0,
            0.0,
            0.0
        ],
        "recall@5": [
            0.2857142857142857,
            0.25,
            0.0,
            0.6666666666666666,
            0.75,
            0.5,
            0.0,
            0.42857142857142855,
            0.75,
            1.0,
            1.0,
            1.0,
            0.0,
            0.0,
            0.0
        ],
        "precision@3": [
            0.3333333333333333,
            0.3333333333333333,
            0.0,
            0.6666666666666666,
            0.6666666666666666,
            0.3333333333333333,
            0.0,
            0.6666666666666666,
            0.3333333333333333,
            0.3333333333333333,
            0.3333333333333333,
            0.3333333333333333,
            0.0,
            0.0,
            0.0
        ],
        "precision@10": [
            0.4,
            0.1,
            0.0,
            0.2,
            0.3,
            0.2,
            0.0,
            0.4,
            0.4,
            0.1,
            0.2,
            0.1,
            0.0,
            0.0,
            0.0
        ],
        "mrr": [
            0.3333333333333333,
            0.5,
            0.0,
            1.0,
            0.5,
            0.3333333333333333,
            0.0,
            0.5,
            0.5,
            1.0,
            0.3333333333333333,
            1.0,
            0.0,
            0.0,
            0.0
        ],
        "retrieval_time": [
            0.24049997329711914,
            0.1017599105834961,
            0.10016393661499023,
            0.11107397079467773,
            0.09676170349121094,
            0.1059880256652832,
            0.11129212379455566,
            0.08997297286987305,
            0.1031351089477539,
            0.09052824974060059,
            0.10371780395507812,
            0.09172320365905762,
            0.07934308052062988,
            0.09972095489501953,
            0.09673118591308594
        ]
    }
}