{
    "avg": {
        "recall@3": 0.29126984126984123,
        "recall@5": 0.41587301587301584,
        "precision@3": 0.22222222222222224,
        "precision@10": 0.16000000000000003,
        "mrr": 0.4388888888888889,
        "retrieval_time": 1.1837979952494304
    },
    "detail": {
        "recall@3": [
            0.14285714285714285,
            0.0,
            0.0,
            0.3333333333333333,
            0.25,
            0.5,
            0.0,
            0.14285714285714285,
            0.5,
            1.0,
            0.5,
            1.0,
            0.0,
            0.0,
            0.0
        ],
        "recall@5": [
            0.14285714285714285,
            0.25,
            0.0,
            0.6666666666666666,
            0.5,
            1.0,
            0.0,
            0.42857142857142855,
            0.75,
            1.0,
            0.5,
            1.0,
            0.0,
            0.0,
            0.0
        ],
        "precision@3": [
            0.3333333333333333,
            0.0,
            0.0,
            0.3333333333333333,
            0.3333333333333333,
            0.3333333333333333,
            0.0,
            0.3333333333333333,
            0.6666666666666666,
            0.3333333333333333,
            0.3333333333333333,
            0.3333333333333333,
            0.0,
            0.0,
            0.0
        ],
        "precision@10": [
            0.4,
            0.1,
            0.0,
            0.2,
            0.3,
            0.2,
            0.0,
            0.4,
            0.4,
            0.1,
            0.2,
            0.1,
            0.0,
            0.0,
            0.0
        ],
        "mrr": [
            0.3333333333333333,
            0.25,
            0.0,
            0.3333333333333333,
            1.0,
            0.3333333333333333,
            0.0,
            1.0,
            1.0,
            1.0,
            0.3333333333333333,
            1.0,
            0.0,
            0.0,
            0.0
        ],
        "retrieval_time": [
            1.7980537414550781,
            1.1206250190734863,
            1.2000479698181152,
            1.261976957321167,
            1.152557134628296,
            1.1791949272155762,
            1.1297481060028076,
            1.3014976978302002,
            1.1060431003570557,
            1.10709810256958,
            1.290006160736084,
            1.1560769081115723,
            1.2446668148040771,
            0.5422022342681885,
            1.167175054550171
        ]
    }
}